name,diet,period,lived_in,type,length,taxonomy,named_by,species
herbivorous,Early Jurassic 199-189 million years ago,South Africa,sauropod,8.0m,Dinosauria Saurischia Sauropodomorpha Prosauropoda Anchisauria,Yates Bonnan Neveling Chinsamy and Blackbeard 2010 (2009),celestae
carnivorous,Late Cretaceous 74-70 million years ago,Argentina,large theropod,9.0m,Dinosauria Saurischia Theropoda Neotheropoda Ceratosauria Neoceratosauria Abelisauridae Abelisaurinae,Bonaparte and Novas (1985),comahuensis
herbivorous,Late Cretaceous 83-70 million years ago,USA,ceratopsian,6.0m,Dinosauria Ornithischia Genasauria Cerapoda Marginocephalia Ceratopsia Neoceratopsia Coronosauria Ceratopsidae Centrosaurinae,Sampson  (1995),horneri
carnivorous,Late Cretaceous 99-84 million years ago,Mongolia,large theropod,5.0m,Dinosauria Saurischia Theropoda Neotheropoda Tetanurae Avetheropoda Coelurosauria Tyrannoraptora Maniraptoriformes Maniraptora Paraves Eumaniraptora Dromaeosauridae,Perle Norell and Clark (1999),giganteus
carnivorous,Early Cretaceous 115-105 million years ago,USA,large theropod,12.0m,Dinosauria Saurischia Theropoda Neotheropoda Tetanurae Avetheropoda Carnosauria Allosauroidea Carcharodontosauridae,Stovall and Langston (1950),atokensis
herbivorous,Late Cretaceous 98-93 million years ago,Egypt,sauropod,15.0m,Dinosauria Saurischia Sauropodomorpha Sauropoda Eusauropoda Neosauropoda Macronaria Camarasauromorpha Titanosauriformes Titanosauria,Stromer (1932),baharijensis
carnivorous,Early Cretaceous 132-121 million years ago,Niger,large theropod,9.0m,Dinosauria Saurischia Theropoda Neotheropoda Tetanurae Spinosauroidea Megalosauridae Eustreptospondylinae,Sereno Wilson Larsson Dutheil and Sues (1944),abakensis
herbivorous,Late Jurassic 169-159 million years ago,China,euornithopod,1.5m,Dinosauria Ornithischia Genasauria Cerapoda Ornithopoda Euornithopoda,Peng (1990),louderbacki
herbivorous,Late Cretaceous 70-65 million years ago,USA,sauropod,21.0m,Dinosauria Saurischia Sauropodomorpha Sauropoda Eusauropoda Neosauropoda Macronaria Camarasauromorpha Titanosauriformes Titanosauria Lithostrotia,Gilmore (1922),sanjuanensis
herbivorous,Late Cretaceous 80-75 million years ago,USA,ceratopsian,7.0m,Dinosauria Ornithischia,Ryan 2007,nesmoi
carnivorous,Late Cretaceous 76-74 million years ago,Canada,large theropod,9.0m,Dinosauria Saurischia Theropoda Neotheropoda Tetanurae Avetheropoda Coelurosauria Tyrannoraptora Tyrannosauroidea Tyrannosauridae Albertosaurinae,Lamb (1914),libratus
carnivorous,Late Cretaceous 90-70 million years ago,Mongolia,large theropod,5.0m,Dinosauria Saurischia Theropoda Neotheropoda Tetanurae Avetheropoda Coelurosauria Tyrannoraptora Tyrannosauroidea,Gilmore (1933),olseni
carnivorous,Late Cretaceous 71-65 million years ago,Mongolia,large theropod,6.0m,Dinosauria Saurischia Theropoda Neotheropoda Tetanurae Avetheropoda Coelurosauria Tyrannoraptora Tyrannosauroidea,Kurzanov (1976),remotus
carnivorous,Late Jurassic 156-144 million years ago,USA,large theropod,12.0m,Dinosauria Saurischia Theropoda Neotheropoda Tetanurae Avetheropoda Carnosauria Allosauroidea Allosauridae,Marsh (1877),fragilis
carnivorous,Late Cretaceous 89-85 million years ago,Argentina,small theropod,2.0m,Dinosauria Saurischia Theropoda Neotheropoda Tetanurae Avetheropoda Coelurosauria Tyrannoraptora Maniraptoriformes Maniraptora Alvarezsauridae,Bonaparte (1991),calvoi
herbivorous,Early Cretaceous 132-127 million years ago,Argentina,sauropod,12.0m,Dinosauria Saurischia Sauropodomorpha Sauropoda Eusauropoda Neosauropoda Diplodocoidea Dicraeosauridae,Salgado and Bonaparte (1991),cazaui
herbivorous,Early Jurassic 195-180 million years ago,USA,sauropod,5.0m,Dinosauria Saurischia Sauropodomorpha Prosauropoda Anchisauria Anchisauridae,Marsh (1891),major
herbivorous,Late Cretaceous 71-65 million years ago,France,sauropod,15.0m,Dinosauria Saurischia Sauropodomorpha Sauropoda Eusauropoda Neosauropoda Macronaria Camarasauromorpha Titanosauriformes Titanosauria Lithostrotia,Le Loeuff (1995),atacis
herbivorous,Mid Jurassic 177-169 million years ago,Argentina,sauropod,15.0m,Dinosauria Saurischia Sauropodomorpha Sauropoda Eusauropoda,Cabrera (1947),patagonicus
herbivorous,Late Cretaceous 74-70 million years ago,Canada,ceratopsian,6.0m,Dinosauria Ornithischia Genasauria Cerapoda Marginocephalia Ceratopsia Neoceratopsia Coronosauria Ceratopsidae Chasmosaurinae,Brown (1914),ornatus
herbivorous,Early Jurassic 190 million years ago,USA,sauropod,2.0m,Dinosauria Saurischia Sauropodomorpha Prosauropoda Anchisauria Anchisauridae,Marsh (1885),polyzelous
herbivorous,Late Cretaceous 74-67 million years ago,USA,armoured dinosaur,7.0m,Dinosauria Ornithischia Genasauria Thyreophora Ankylosauromorpha Ankylosauria Ankylosauridae,Brown (1908),magniventris
carnivorous,Late Cretaceous 84-65 million years ago,Mongolia,large theropod,3.5m,Dinosauria Saurischia Theropoda Neotheropoda Tetanurae Avetheropoda Coelurosauria Tyrannoraptora Maniraptoriformes Ornithomimosauria Ornithomimidae,Barsbold (1988),planinychus
herbivorous,Late Cretaceous 84-65 million years ago,Uruguay,sauropod,18.0m,Dinosauria Saurischia Sauropodomorpha Sauropoda Eusauropoda Neosauropoda Macronaria Camarasauromorpha Titanosauriformes Titanosauria Lithostrotia,von Huene (1929),wichmannianus
herbivorous,Late Jurassic 154-145 million years ago,USA,sauropod,21.0m,Dinosauria Saurischia Sauropodomorpha Sauropoda Eusauropoda Neosauropoda Diplodocoidea Diplodocidae,Marsh (1877),ajax
herbivorous,Early Cretaceous 132-121 million years ago,Spain,sauropod,18.0m,Dinosauria Saurischia Sauropodomorpha Sauropoda Eusauropoda,Sanz Buscalioni Casanovas and SanafÃ© (1987),ischiadicus
herbivorous,Late Cretaceous 94-84 million years ago,Kazakhstan,euornithopod,8.0m,Dinosauria Ornithischia Genasauria Cerapoda Ornithopoda Euornithopoda Iguanadontia Euiguanadontia Dryomorpha Ankylopollexia Iguanodontoidea Hadrosauridae Euhadrosauria Hadrosaurinae,Rozhdestvensky (1968),tuberiferus
herbivorous,Early Cretaceous 121-99 million years ago,China,ceratopsian,1.3m,Dinosauria Ornithischia Genasauria Cerapoda Marginocephalia Ceratopsia Neoceratopsia,Dong and Azuma (1987),oshimai
carnivorous,Late Jurassic 147 million years ago,Germany,small theropod,0.5m,Dinosauria Saurischia Theropoda Neotheropoda Tetanurae Avetheropoda Coelurosauria Tyrannoraptora Maniraptoriformes Maniraptora Paraves Eumaniraptoria Avialae Archaeopterygidae,Mayer (1861),lithographica
carnivorous,Late Cretaceous 95-70 million years ago,Uzbekistan,small theropod,3.5m,Dinosauria Saurischia Theropoda Neotheropoda Tetanurae Avetheropoda Coelurosauria Tyrannoraptora Maniraptoriformes Ornithomimosauria Ornithomimidae,Russell (1972),asiaticus
herbivorous,Late Cretaceous 90 million years ago,Argentina,sauropod,35.0m,Dinosauria Saurischia Sauropodomorpha Sauropoda Eusauropoda Neosauropoda Macronaria Camarasauromorpha Titanosauriformes Titanosauria,Bonaparte and Coria (1993),huinculensis
herbivorous,Late Cretaceous 72-67 million years ago,Canada,ceratopsian,6.0m,Dinosauria Ornithischia Genasauria Cerapoda Marginocephalia Ceratopsia Neoceratopsia Coronosauria Ceratopsidae Chasmosaurinae,Parks (1925),brachyops
herbivorous,Early Cretaceous 121-97 million years ago,Australia,euornithopod,3.0m,Dinosauria Ornithischia Genasauria Cerapoda Ornithopoda Euornithopoda,Rich and Rich (1989),loadsi
carnivorous,Late Cretaceous 84-71 million years ago,Argentina,large theropod,5.0m,Dinosauria Saurischia Theropoda Neotheropoda Ceratosauria Neoceratosauria Abelisauroidea Abelisauria,Coria Chiappe and Dingus (2002),garridoi
herbivorous,Early Cretaceous 112-99 million years ago,Australia,sauropod,15.0m,Dinosauria Saurischia Sauropodomorpha Sauropoda Eusauropoda Neosauropoda Macronaria Camarasauromorpha Titanosauriformes Titanosauria,Longman (1933),mckillopi
herbivorous,Late Cretaceous 80-75 million years ago,USA,ceratopsian,2.3m,Dinosauria Ornithischia Genasauria Cerapoda Marginocephalia Ceratopsia Neoceratopsia Coronosauria Ceratopsidae Centrosaurinae,Dodson (1986),lammersi
omnivorous,Late Cretaceous 80-75 million years ago,Mongolia,small theropod,1.5m,Dinosauria Saurischia Theropoda Neotheropoda Tetanurae Avetheropoda Coelurosauria Tyrannoraptora Maniraptoriformes Maniraptora Oviraptorosauria Avimimidae,Kurzanov (1981),portentosus
herbivorous,Late Cretaceous 84-71 million years ago,China,euornithopod,6.0m,Dinosauria Ornithischia Genasauria Cerapoda Ornithopoda Euornithopoda Iguanadontia Euiguanadontia Dryomorpha Ankylopollexia Iguanodontoidea Hadrosauridae,Gilmore (1933),johnsoni
herbivorous,Late Cretaceous 85-80 million years ago,Mongolia,ceratopsian,1.0m,Dinosauria Ornithischia Genasauria Cerapoda Marginocephalia Ceratopsia Neoceratopsia Bagaceratopsidae,Maryanska and Osmolska (1975),rozhdestvenskyi
carnivorous,Late Cretaceous 84-71 million years ago,USA,small theropod,1.0m,Dinosauria Saurischia Theropoda Neotheropoda Tetanurae Avetheropoda Coelurosauria Tyrannoraptora Maniraptoriformes Maniraptora Paraves Eumaniraptora Dromaeosauridae,Burnham Derstler Currie Bakker Zhou and Ostrom (2000),feinbergorum
herbivorous,Early Jurassic 185-170 million years ago,India,sauropod,14.0m,Dinosauria Saurischia Sauropodomorpha Sauropoda Eusauropoda Cetiosauridae,Jain Kutty Roy-Chowdhury and Chatterjee (1975),tagorei
herbivorous,Late Jurassic 155-145 million years ago,USA,sauropod,24.0m,Dinosauria Saurischia Sauropodomorpha Sauropoda Eusauropoda Neosauropoda Diplodocoidea Diplodocidae,Marsh (1890),lentus
carnivorous,Early Cretaceous 125 million years ago,United Kingdom,large theropod,10.0m,Dinosauria Saurischia Theropoda Neotheropoda Tetanurae Spinosauroidea Spinosauridae Baryonychinae,Charig and Milner (1987),walkeri
carnivorous,Early Cretaceous 142-132 million years ago,United Kingdom,large theropod,5.0m,Dinosauria Saurischia Theropoda Neotheropoda Tetanurae,Paul (1988),altispinax
omnivorous,Early Cretaceous 127-121 million years ago,China,small theropod,2.0m,Dinosauria Saurischia Theropoda Neotheropoda Tetanurae Avetheropoda Coelurosauria Tyrannoraptora Maniraptoriformes Maniraptora Therizinosauroidea,Xu Tang and Wang (1999),inexpectus
herbivorous,Mid Jurassic 180-159 million years ago,China,sauropod,5.0m,Dinosauria Saurischia Sauropodomorpha Sauropoda Eusauropoda Neosauropoda Macronaria,Dong and Azuma (1990),sui
carnivorous,Late Cretaceous 84-65 million years ago,Mongolia,small theropod,1.5m,Dinosauria Saurischia Theropoda Neotheropoda Tetanurae Avetheropoda Coelurosauria Tyrannoraptora Maniraptoriformes Maniraptora Paraves Eumaniraptoria Troodontidae,OsmÃ³lska (1987),gracilicrus
herbivorous,Late Jurassic 155-140 million years ago,USA,sauropod,30.0m,Dinosauria Saurischia Sauropodomorpha Sauropoda Eusauropoda Neosauropoda Macronaria Camarasauromorpha Titanosauriformes Brachiosauridae,Riggs (1903),altithorax
herbivorous,Late Cretaceous 89-88 million years ago,USA,euornithopod,7.0m,Dinosauria Ornithischia Genasauria Cerapoda Ornithopoda Euornithopoda Iguanadontia Euiguanadontia Dryomorpha Ankylopollexia Iguanodontoidea Hadrosauridae Euhadrosauria Hadrosaurinae,C. M. Sternberg (1953),canadensis
herbivorous,Mid Jurassic 150 million years ago,Argentina,sauropod,10.0m,Dinosauria Saurischia Sauropodomorpha Sauropoda Eusauropoda Neosauropoda Diplodocoidea Dicraeosauridae,Rauhut Remes Fechner Cladera and Puerta (2005),mesai
carnivorous,Late Cretaceous 99-90 million years ago,Argentina,small theropod,1.3m,Dinosauria Saurischia Theropoda Neotheropoda Tetanurae Avetheropoda Coelurosauria Tyrannoraptora Maniraptoriformes Maniraptora Paraves Eumaniraptora Dromaeosauridae Unenlagiinae,Makovicky ApesteguÃ­a &amp; Agnolin (2005),gonzalezorum
herbivorous,Late Jurassic 150-140 million years ago,USA,sauropod,23.0m,Dinosauria Saurischia Sauropodomorpha Sauropoda Eusauropoda Neosauropoda Macronaria Camarasauromorpha Camarasauridae,Cope (1877),supremus
herbivorous,Late Jurassic 155-145 million years ago,USA,euornithopod,5.0m,Dinosauria Ornithischia Genasauria Cerapoda Ornithopoda Euornithopoda Iguanadontia Euiguanadontia Dryomorpha Ankylopollexia,Marsh (1885),dispar
carnivorous,Late Cretaceous 98-94 million years ago,North Africa,large theropod,15.0m,Dinosauria Saurischia Theropoda Neotheropoda Tetanurae Avetheropoda Carnosauria Allosauroidea Carcharodontosauridae,Stromer (1931),saharicus
carnivorous,Late Cretaceous 70 million years ago,Argentina,large theropod,7.6m,Dinosauria Saurischia Theropoda Neotheropoda Ceratosauria Neoceratosauria Abelisauridae,Bonaparte (1985),sastrei
omnivorous,Early Cretaceous 125-122 million years ago,China,small theropod,1.0m,Dinosauria Saurischia Theropoda Neotheropoda Tetanurae Avetheropoda Coelurosauria Tyrannoraptora Maniraptoriformes Maniraptora Oviraptorosauria Caudipterygidae,Ji Currie Norell and Ji. (1998),zoui
herbivorous,Early Cretaceous 142-127 million years ago,USA,armoured dinosaur,10.0m,Dinosauria Ornithischia Genasauria Thyreophora Ankylosauromorpha Ankylosauria Ankylosauridae,Carpenter Kirkland Burge and Bird (2001),bilbeyhallorum
herbivorous,Late Cretaceous 76-74 million years ago,Canada,ceratopsian,6.0m,Dinosauria Ornithischia Genasauria Cerapoda Marginocephalia Ceratopsia Neoceratopsia Coronosauria Ceratopsidae Centrosaurinae,apertus,
carnivorous,Late Jurassic 153-148 million years ago,USA,large theropod,6.0m,Dinosauria Saurischia Theropoda Neotheropoda Ceratosauria Neoceratosauria,Marsh (1884),nasicornis
herbivorous,Mid Jurassic 175-160 million years ago,United Kingdom,sauropod,15.0m,Dinosauria Saurischia Sauropodomorpha Sauropoda Eusauropoda Neosauropoda Diplodocoidea,von Huene (1927),stewarti
herbivorous,Mid Jurassic 170-160 million years ago,United Kingdom,sauropod,18.0m,Dinosauria Saurischia Sauropodomorpha Sauropoda Eusauropoda Cetiosauridae,Phillips (1871),oxoniensis
herbivorous,Late Jurassic 152-145 million years ago,China,ceratopsian,1.1m,Dinosauria Ornithischia Genasauria Cerapoda Marginocephalia Ceratopsia Neoceratopsia,Zhao Cheng and Xu (1999),youngi
herbivorous,Late Cretaceous 76-74 million years ago,Canada,ceratopsian,5.0m,Dinosauria Ornithischia Genasauria Cerapoda Marginocephalia Ceratopsia Neoceratopsia Coronosauria Ceratopsidae Chasmosaurinae,belli,
carnivorous,Late Triassic 227-210 million years ago,USA,small theropod,4.0m,Dinosauria Saurischia Theropoda Herrerasauridae,Long and Murry (1995),bryansmalli
herbivorous,Late Jurassic 159-142 million years ago,China,sauropod,11.0m,Dinosauria Saurischia Sauropodomorpha Sauropoda,Yeh (1975),zhongheensis
omnivorous,Late Jurassic 79-67 million years ago,Canada,small theropod,1.7m,Dinosauria Saurischia Theropoda Neotheropoda Tetanurae Avetheropoda Coelurosauria Tyrannoraptora Maniraptoriformes Maniraptora Oviraptorosauria Caenagnathoidea Caenagnathidae,Gilmore (1924),pergracilis
herbivorous,Early Cretaceous 112-99 million years ago,Argentina,sauropod,23.0m,Dinosauria Saurischia Sauropodomorpha Sauropoda Eusauropoda Neosauropoda Macronaria Camarasauromorpha Titanosauriformes Titanosauria,Corro (1974),insignis
herbivorous,Late Jurassic 159-142 million years ago,China,armoured dinosaur,4.0m,Dinosauria Ornithischia Genasauria Thyreophora Stegosauria Stegosauridae Stegosaurinae,Dong Zhou and Zhang (1983),jiangbeiensis
omnivorous,Late Cretaceous 81-75 million years ago,Mongolia,small theropod,2.1m,Dinosauria Saurischia Theropoda Neotheropoda Tetanurae Avetheropoda Coelurosauria Tyrannoraptora Maniraptoriformes Maniraptora Oviraptorosauria Caenagnathoidea Oviraptoridae Oviraptorinae,Clark Norell and Barsbold (2001),osmolskae
carnivorous,Late Triassic 225-190 million years ago,Zimbabwe,small theropod,2.0m,Dinosauria Saurischia Theropoda Neotheropoda Coelophysoidea Coelophysidae,bauri,
carnivorous,Late Jurassic 155-145 million years ago,USA,small theropod,1.8m,Dinosauria Saurischia Theropoda Neotheropoda Tetanurae Avetheropoda Coelurosauria,Marsh (1879),fragilis
omnivorous,Late Triassic 221-210 million years ago,Argentina,sauropod,4.0m,Dinosauria Saurischia Sauropodomorpha Prosauropoda Plateosauria Plateosauridae,Bonaparte (1978),brevis
carnivorous,Late Jurassic 145-140 million years ago,Germany,small theropod,0.65m,Dinosauria Saurischia Theropoda Neotheropoda Tetanurae Avetheropoda Coelurosauria Compsognathidae,Wagner (1859),longipes
carnivorous,Late Cretaceous 81-76 million years ago,Mongolia,small theropod,1.5m,Dinosauria Saurischia Theropoda Neotheropoda Tetanurae Avetheropoda Coelurosauria Tyrannoraptora Maniraptoriformes Maniraptora Oviraptorosauria Caenagnathoidea Oviraptoridae Ingeniinae,Barsbold (1986),gracilis
carnivorous,Early Cretaceous 127-121 million years ago,China,small theropod,0.25m,Dinosauria Saurischia Theropoda Neotheropoda Tetanurae Avetheropoda Coelurosauria Tyrannoraptora Maniraptoriformes Maniraptora Paraves Eumaniraptoria Avialae Ornithurae Avibrevicauda Pygostylia Confuciusornithidae,Hou Zhou Gu and Zhang (1995),sanctus
herbivorous,Late Cretaceous 76-74 million years ago,USA,euornithopod,10.0m,Dinosauria Ornithischia Genasauria Cerapoda Ornithopoda Euornithopoda Iguanadontia Euiguanadontia Dryomorpha Ankylopollexia Iguanodontoidea Hadrosauridae Euhadrosauria Lambeosaurinae,Brown (1914),casuarius
carnivorous,Early Jurassic 170 million years ago,Antarctica,large theropod,8.0m,Dinosauria Saurischia Theropoda Neotheropoda Tetanurae Avetheropoda Carnosauria,Hammer and Hickerson (1994),elliotti
herbivorous,Late Jurassic 154-150 million years ago,United Kingdom,armoured dinosaur,6.0m,Dinosauria Ornithischia Genasauria Thyreophora Stegosauria Stegosauridae,Lucas (1902),armatus
carnivorous,Late Cretaceous 76-74 million years ago,Canada,large theropod,9.0m,Dinosauria Saurischia Theropoda Neotheropoda Tetanurae Avetheropoda Coelurosauria Tyrannoraptora Tyrannosauroidea Tyrannosauridae Tyrannosaurinae,Russell (1970),torosus
herbivorous,Mid Jurassic 170 million years ago,China,sauropod,15.0m,Dinosauria Saurischia Sauropodomorpha Sauropoda,Dong and Tang (1984),bashanensis
omnivorous,Late Cretaceous 70-66 million years ago,Mongolia,large theropod,10.0m,Dinosauria Saurischia Theropoda Neotheropoda Tetanurae Avetheropoda Coelurosauria Tyrannoraptora Maniraptoriformes Ornithomimosauria,OsmÃ³lska and Roniewicz (1970),mirificus
carnivorous,Early Cretaceous 120-110 million years ago,USA,small theropod,3.0m,Dinosauria Saurischia Theropoda Neotheropoda Tetanurae Avetheropoda Coelurosauria Tyrannoraptora Maniraptoriformes Maniraptora Paraves Eumaniraptora Dromaeosauridae,Ostrom (1969),antirrhopus
carnivorous,Late Cretaceous 99-94 million years ago,Morocco,large theropod,8.1m,Dinosauria Saurischia Theropoda Neotheropoda Tetanurae Avetheropoda Coelurosauria,Sereno Duthiel Iarochene Larsson Lyon Magwene Sidor Varricchio and Wilson (1996),agilis
herbivorous,Late Jurassic 150-135 million years ago,Tanzania,sauropod,20.0m,Dinosauria Saurischia Sauropodomorpha Sauropoda Eusauropoda Neosauropoda Diplodocoidea Dicraeosauridae,Janensch (1914),hansemanni
carnivorous,Early Jurassic 190 million years ago,USA,large theropod,6.0m,Dinosauria Saurischia Theropoda Neotheropoda Dilophosauridae,wetherilli,
herbivorous,Late Jurassic 155-145 million years ago,USA,sauropod,26.0m,Dinosauria Saurischia Sauropodomorpha Sauropoda Eusauropoda Neosauropoda Diplodocoidea Diplodocidae,Marsh (1878),longus
carnivorous,Late Cretaceous 76-74 million years ago,USA,small theropod,1.8m,Dinosauria Saurischia Theropoda Neotheropoda Tetanurae Avetheropoda Coelurosauria Tyrannoraptora Maniraptoriformes Maniraptora Paraves Eumaniraptora Dromaeosauridae,Matthew and Brown (1922),albertensis
omnivorous,Late Cretaceous 74-70 million years ago,Canada,large theropod,3.5m,Dinosauria Saurischia Theropoda Neotheropoda Tetanurae Avetheropoda Coelurosauria Tyrannoraptora Maniraptoriformes Ornithomimosauria Ornithomimidae,Parks (1926),brevitertius
herbivorous,Late Jurassic 155-140 million years ago,USA,euornithopod,4.0m,Dinosauria Ornithischia Genasauria Cerapoda Ornithopoda Euornithopoda Iguanadontia Euiguanadontia Dryomorpha Dryosauridae,Marsh (1894),altus
carnivorous,Late Cretaceous 84-65 million years ago,USA,large theropod,6.4m,Dinosauria Saurischia Theropoda Neotheropoda Tetanurae Avetheropoda Coelurosauria Tyrannoraptora Tyrannosauroidea,Cope (1866),aquilunguis
carnivorous,Late Jurassic 169-164 million years ago,France,large theropod,,Dinosauria Saurischia Theropoda Neotheropoda Tetanurae Spinosauroidea Megalosauridae Eustreptospondylinae,Allain (2005),valesdunensis
herbivorous,Late Cretaceous 76-74 million years ago,Canada,armoured dinosaur,4.0m,Dinosauria Ornithischia Genasauria Thyreophora Ankylosauromorpha Ankylosauria Nodosauridae,Sternberg (1928),longiceps
herbivorous,Late Cretaceous 76-65 million years ago,Canada,euornithopod,13.0m,Dinosauria Ornithischia Genasauria Cerapoda Ornithopoda Euornithopoda Iguanadontia Euiguanadontia Dryomorpha Ankylopollexia Iguanodontoidea Hadrosauridae Euhadrosauria Hadrosaurinae,Lambe (1917),regalis
herbivorous,Late Cretaceous 74 million years ago,USA,ceratopsian,6.0m,Dinosauria Ornithischia Genasauria Cerapoda Marginocephalia Ceratopsia Neoceratopsia Coronosauria Ceratopsidae Centrosaurinae,Sampson  (1995),procurvicornis
carnivorous,Late Jurassic 154-151 million years ago,Tanzania,large theropod,6.2m,Dinosauria Saurischia Theropoda Neotheropoda Ceratosauria Neoceratosauria,Janensch (1920),bambergi
herbivorous,Mid Jurassic 190-180 million years ago,Germany,armoured dinosaur,2.0m,Dinosauria Ornithischia Genasauria Thyreophora,Haubold (1991),ernsti
herbivorous,Late Cretaceous 99-94 million years ago,USA,euornithopod,,Dinosauria Ornithischia Genasauria Cerapoda Ornithopoda Euornithopoda Iguanadontia Euiguanadontia Dryomorpha Ankylopollexia Iguanodontoidea,Kirkland (1998),caroljonesa
carnivorous,Late Triassic 228 million years ago,Argentina,small theropod,1.0m,Dinosauria Saurischia Theropoda,Sereno Forster Rogers and Monetta (1993),lunensis
carnivorous,Early Cretaceous 127-121 million years ago,United Kingdom,large theropod,5.0m,Dinosauria Saurischia Theropoda Neotheropoda Tetanurae Avetheropoda Coelurosauria Tyrannoraptora Tyrannosauroidea,Hutt Naish Martill Barker and Newberry (2001),lengi
herbivorous,Early Cretaceous 127-99 million years ago,China,euornithopod,,Dinosauria Ornithischia Genasauria Cerapoda Ornithopoda Euornithopoda Iguanadontia Euiguanadontia Dryomorpha Ankylopollexia Iguanodontoidea,You Luo Shubin Witmer Tang and Tang (2003),normani
herbivorous,Early Cretaceous,Mongolia,sauropod,15.0m,Dinosauria Saurischia Sauropodomorpha Sauropoda Eusauropoda Neosauropoda Macronaria Camarasauromorpha Titanosauriformes Titanosauria,Ksepka and Norell (2006),ellisoni
omnivorous,Late Cretaceous 99-89 million years ago,Mongolia,small theropod,3.4m,Dinosauria Saurischia Theropoda Neotheropoda Tetanurae Avetheropoda Coelurosauria Tyrannoraptora Maniraptoriformes Maniraptora Therizinosauroidea Therizinosauridae,Perle vide Barsbold and Perle (1980),andrewsi
herbivorous,Late Jurassic 154-142 million years ago,China,sauropod,10.0m,Dinosauria Saurischia Sauropodomorpha Sauropoda Eusauropoda,Wiman (1929),zdanskyi
herbivorous,Late Cretaceous 76-70 million years ago,USA,armoured dinosaur,7.0m,Dinosauria Ornithischia Genasauria Thyreophora Ankylosauromorpha Ankylosauria Ankylosauridae,tutus,
herbivorous,Late Jurassic 154-151 million years ago,Germany,sauropod,6.2m,Dinosauria Saurischia Sauropodomorpha Sauropoda Eusauropoda Neosauropoda Macronaria,Sander Mateus Laven and KnÃ¶tschke (2006),holgeri
carnivorous,Mid Jurassic 165 million years ago,United Kingdom,large theropod,7.0m,Dinosauria Saurischia Theropoda Neotheropoda Tetanurae Spinosauroidea Megalosauridae Eustreptospondylinae,Walker (1964),oxoniensis
carnivorous,Early Cretaceous 121-99 million years ago,Japan,large theropod,4.2m,Dinosauria Saurischia Theropoda Neotheropoda Tetanurae Avetheropoda Carnosauria,Azuma and Currie (2000),kitadaniensis
herbivorous,Early Cretaceous 121-99 million years ago,Japan,euornithopod,4.7m,Dinosauria Ornithischia Genasauria Cerapoda Ornithopoda Euornithopoda Iguanadontia Euiguanadontia Dryomorpha Ankylopollexia Iguanodontoidea,Kobayashi and Azuma (2003),tetoriensius
omnivorous,Late Cretaceous 74-70 million years ago,Mongolia,large theropod,6.0m,Dinosauria Saurischia Theropoda Neotheropoda Tetanurae Avetheropoda Coelurosauria Tyrannoraptora Maniraptoriformes Ornithomimosauria Ornithomimidae,OsmÃ³lska Roniewicz and Barsbold (1972),bullatus
herbivorous,Late Jurassic 154-142 million years ago,USA,armoured dinosaur,4.0m,Dinosauria Ornithischia Genasauria Thyreophora Ankylosauromorpha Ankylosauria,Carpenter Miles and Cloward (1998),parkpinorum
omnivorous,Late Cretaceous 99-89 million years ago,Mongolia,large theropod,4.7m,Dinosauria Saurischia Theropoda Neotheropoda Tetanurae Avetheropoda Coelurosauria Tyrannoraptora Maniraptoriformes Ornithomimosauria,Barsbold (1981),brevipes
carnivorous,Mid Jurassic 170-160 million years ago,China,small theropod,4.0m,Dinosauria Saurischia Theropoda Neotheropoda Tetanurae Avetheropoda,Dong and Tang (1985),constructus
herbivorous,Late Cretaceous 86-71 million years ago,Argentina,euornithopod,0.8m,Dinosauria Ornithischia Genasauria Cerapoda Ornithopoda Euornithopoda,Coria and Salgado (1996),cincosaltensis
herbivorous,Early Cretaceous 142-127 million years ago,USA,armoured dinosaur,4.6m,Dinosauria Ornithischia Genasauria Thyreophora Ankylosauromorpha Ankylosauria,Kirkland (1998),burgei
carnivorous,Early Cretaceous 112-90 million years ago,Argentina,large theropod,12.5m,Dinosauria Saurischia Theropoda Neotheropoda Tetanurae Avetheropoda Carnosauria Allosauroidea Carcharodontosauridae,Coria and Salgado (1995),carolinii
herbivorous,Late Cretaceous 76-70 million years ago,China,euornithopod,6.0m,Dinosauria Ornithischia Genasauria Cerapoda Ornithopoda Euornithopoda Iguanadontia Euiguanadontia Dryomorpha Ankylopollexia Iguanodontoidea Hadrosauridae,Brett-Surman (1979),mongoliensis
herbivorous,Late Jurassic 154-142 million years ago,Tanzania,sauropod,23.0m,Dinosauria Saurischia Sauropodomorpha Sauropoda Eusauropoda Neosauropoda Macronaria Camarasauromorpha Titanosauriformes Brachiosauridae,Janensch (1914),brancai
herbivorous,Early Cretaceous 121-99 million years ago,China,armoured dinosaur,5.0m,Dinosauria Ornithischia Genasauria Thyreophora Ankylosauromorpha Ankylosauria Ankylosauridae,Vickaryous Russell Currie and Zhao (2001),domoculus
carnivorous,Late Cretaceous 80-73 million years ago,USA,large theropod,8.6m,Dinosauria Saurischia Theropoda Neotheropoda Tetanurae Avetheropoda Coelurosauria Tyrannoraptora Tyrannosauroidea Tyrannosauridae Albertosaurinae,Lamb (1914),libratus
herbivorous,Late Cretaceous 81-75 million years ago,Mongolia,large theropod,2.0m,Dinosauria Ornithischia Genasauria Cerapoda Marginocephalia Pachycephalosauria Goyocephala,Perle MaryaÅ„ska and OsmÃ³lska (1982),lattimorei
herbivorous,Late Cretaceous 99-84 million years ago,Mongolia,ceratopsian,,Dinosauria Ornithischia Genasauria Cerapoda Marginocephalia Ceratopsia Neoceratopsia,Sereno (2000),mongoliensis
herbivorous,Late Cretaceous 86-71 million years ago,USA,euornithopod,10.0m,Dinosauria Ornithischia Genasauria Cerapoda Ornithopoda Euornithopoda Iguanadontia Euiguanadontia Dryomorpha Ankylopollexia Iguanodontoidea Hadrosauridae Euhadrosauria Hadrosaurinae,Lambe (1914),notabilis
herbivorous,Late Triassic 221-210 million years ago,Brazil,small theropod,1.8m,Dinosauria Saurischia Theropoda,Bonaparte Ferigolo and Ribeiro (1999),candelariensis
carnivorous,Late Jurassic 159-154 million years ago,China,small theropod,3.0m,Dinosauria Saurischia Theropoda Neotheropoda Tetanurae Avetheropoda Coelurosauria Tyrannoraptora Tyrannosauroidea,Xu Clark Forster Norell Erickson Eberth Jia and Zhao (2006),wucaii
herbivorous,Late Cretaceous 78-74 million years ago,USA,euornithopod,9.0m,Dinosauria Ornithischia Genasauria Cerapoda Ornithopoda Euornithopoda Iguanadontia Euiguanadontia Dryomorpha Ankylopollexia Iguanodontoidea Hadrosauridae Euhadrosauria Hadrosaurinae,Leidy (1858),foulkii
omnivorous,USA,,small theropod,3.0m,Dinosauria Saurischia Theropoda Neotheropoda Tetanurae Avetheropoda Coelurosauria Tyrannoraptora Maniraptoriformes Maniraptora Oviraptorosauria,Zanno and Sampson (2005),giganteus
herbivorous,Late Jurassic 154-142 million years ago,USA,sauropod,21.5m,Dinosauria Saurischia Sauropodomorpha Sauropoda Eusauropoda Neosauropoda Macronaria Camarasauromorpha Camarasauridae,Hatcher (1903),priscus
omnivorous,Early Cretaceous 121-99 million years ago,Mongolia,small theropod,2.0m,Dinosauria Saurischia Theropoda Neotheropoda Tetanurae Avetheropoda Coelurosauria Tyrannoraptora Maniraptoriformes Ornithomimosauria,Barsbold and Perle (1984),okladnikovi
carnivorous,Late Triassic 228 million years ago,Argentina,small theropod,3.0m,Dinosauria Saurischia Theropoda Herrerasauridae,Reig (1963),ischigualastensis
herbivorous,Late Jurassic 154-142 million years ago,USA,armoured dinosaur,6.0m,Dinosauria Ornithischia Genasauria Thyreophora Stegosauria Stegosauridae Stegosaurinae,Carpenter Miles and Cloward (2001),mjosi
herbivorous,Early Jurassic 205 million years ago,South Africa,euornithopod,1.2m,Dinosauria Ornithischia Genasauria Cerapoda Heterodontosauridae,Crompton and Charig (1962),tucki
omnivorous,Late Cretaceous 72-68 million years ago,Mongolia,small theropod,2.0m,Dinosauria Saurischia Theropoda Neotheropoda Tetanurae Avetheropoda Coelurosauria Tyrannoraptora Maniraptoriformes Maniraptora Oviraptorosauria Caenagnathoidea Oviraptoridae Ingeniinae,Barsbold (1981),yanshini
herbivorous,Late Cretaceous 72-68 million years ago,Mongolia,euornithopod,1.5m,Dinosauria Ornithischia Genasauria Cerapoda Marginocephalia Pachycephalosauria Goyocephala Homalocephaloidea,MaryaÅ„ska and OsmÃ³lska (1974),calathocercos
herbivorous,Mid Jurassic 170-160 million years ago,China,armoured dinosaur,4.5m,Dinosauria Ornithischia Genasauria Thyreophora Stegosauria Huayangosauridae,Dong Tang and Zhou (1982),taibaii
herbivorous,Early Cretaceous 150-135 million years ago,United Kingdom,armoured dinosaur,5.0m,Dinosauria Ornithischia Genasauria Thyreophora Ankylosauromorpha Ankylosauria,Mantell (1833),armatus
herbivorous,Late Cretaceous 70 million years ago,USA,euornithopod,9.0m,Dinosauria Ornithischia Genasauria Cerapoda Ornithopoda Euornithopoda Iguanadontia Euiguanadontia Dryomorpha Ankylopollexia Iguanodontoidea Hadrosauridae Euhadrosauria Lambeosaurinae,Brown (1913),altispinus
herbivorous,Early Cretaceous 125 million years ago,United Kingdom,euornithopod,2.3m,Dinosauria Ornithischia Genasauria Cerapoda Ornithopoda Euornithopoda Hypsilophodontidae,Huxley (1869),foxii
herbivorous,Early Cretaceous 140-110 million years ago,United Kingdom,euornithopod,10.0m,Dinosauria Ornithischia Genasauria Cerapoda Ornithopoda Euornithopoda Iguanadontia Euiguanadontia Dryomorpha Ankylopollexia Iguanodontoidea,Boulenger and van Beneden (1881),bernissartensis
carnivorous,Late Cretaceous 71-65 million years ago,India,large theropod,7.0m,Dinosauria Saurischia Theropoda Neotheropoda Ceratosauria Neoceratosauria,Huene and Matley (1933),raptorius
carnivorous,Early Cretaceous 112-99 million years ago,Brazil,large theropod,6.5m,Dinosauria Saurischia Theropoda Neotheropoda Tetanurae Spinosauroidea Spinosauridae Spinosaurinae,Martill Cruickshank Frey Small and Clarke (1996),challengeri
herbivorous,Late Cretaceous 71-65 million years ago,India,sauropod,,Dinosauria Saurischia Sauropodomorpha Sauropoda Eusauropoda Neosauropoda Macronaria Camarasauromorpha Titanosauriformes Titanosauria Lithostrotia,Jain and Bandyopadhyay (1997),colberti
herbivorous,Late Jurassic 154-151 million years ago,Tanzania,sauropod,20.0m,Dinosauria Saurischia Sauropodomorpha Sauropoda Eusauropoda Neosauropoda Macronaria Camarasauromorpha Titanosauriformes Titanosauria,Wild (1991),robusta
herbivorous,Late Cretaceous 94-84 million years ago,Kazakhstan,euornithopod,9.0m,Dinosauria Ornithischia Genasauria Cerapoda Ornithopoda Euornithopoda Iguanadontia Euiguanadontia Dryomorpha Ankylopollexia Iguanodontoidea Hadrosauridae Euhadrosauria Lambeosaurinae,Riabinin (1939),aralensis
herbivorous,Early Jurassic 205-190 million years ago,China,sauropod,5.0m,Dinosauria Saurischia Sauropodomorpha Prosauropoda Plateosauria,Zhang and Yang (1995),xinwaensis
herbivorous,Early Cretaceous 127-121 million years ago,China,euornithopod,,Dinosauria Ornithischia Genasauria Cerapoda Ornithopoda Euornithopoda Iguanadontia Euiguanadontia Dryomorpha Ankylopollexia Iguanodontoidea,Wang and Xu (2001),yangi
herbivorous,Early Cretaceous 132-94 million years ago,Niger,sauropod,21.0m,Dinosauria Saurischia Sauropodomorpha Sauropoda Eusauropoda Neosauropoda Macronaria,Sereno Beck Dutheil Larsson Lyon Moussa Sadleir Sidor Varricchio Wilson and Wilson (1999),tiguidensis
carnivorous,Late Jurassic 154-151 million years ago,Germany,small theropod,0.8m,Dinosauria Saurischia Theropoda Neotheropoda Tetanurae Avetheropoda Coelurosauria Compsognathidae,GÃ¶hlich &amp; Chiappe (2006),starki
herbivorous,Late Jurassic 155-150 million years ago,Tanzania,armoured dinosaur,5.0m,Dinosauria Ornithischia Genasauria Thyreophora Stegosauria Stegosauridae Stegosaurinae,Hennig (1915),aethiopicus
omnivorous,Late Cretaceous 81-75 million years ago,Mongolia,small theropod,1.8m,Dinosauria Saurischia Theropoda Neotheropoda Tetanurae Avetheropoda Coelurosauria Tyrannoraptora Maniraptoriformes Maniraptora Oviraptorosauria Caenagnathoidea Oviraptoridae Ingeniinae,Clark Norell and Barsbold (2001),mckennai
herbivorous,Early Jurassic 205-180 million years ago,India,sauropod,9.0m,Dinosauria Saurischia Sauropodomorpha Sauropoda,Yadagiri (1988),yamanpalliensis
herbivorous,Late Cretaceous 78-74 million years ago,USA,euornithopod,8.0m,Dinosauria Ornithischia Genasauria Cerapoda Ornithopoda Euornithopoda Iguanadontia Euiguanadontia Dryomorpha Ankylopollexia Iguanodontoidea Hadrosauridae Euhadrosauria Hadrosaurinae,Brown (1910),navajovius
herbivorous,Late Cretaceous 76-74 million years ago,Canada,euornithopod,9.0m,Dinosauria Ornithischia Genasauria Cerapoda Ornithopoda Euornithopoda Iguanadontia Euiguanadontia Dryomorpha Ankylopollexia Iguanodontoidea Hadrosauridae Euhadrosauria Lambeosaurinae,Parks (1923),lambei
herbivorous,Mid Jurassic 169-164 million years ago,Madagascar,sauropod,,Dinosauria Saurischia Sauropodomorpha Sauropoda Eusauropoda Neosauropoda Macronaria Camarasauromorpha Titanosauriformes,Bonaparte (1986),madagascariensis
herbivorous,Early Cretaceous 115-110 million years ago,Australia,euornithopod,2.0m,Dinosauria Ornithischia Genasauria Cerapoda Ornithopoda Euornithopoda,Rich and Rich (1989),amicagraphica
herbivorous,Late Cretaceous 67-65 million years ago,USA,ceratopsian,3.0m,Dinosauria Ornithischia Genasauria Cerapoda Marginocephalia Ceratopsia Neoceratopsia Coronosauria,Brown (1914),gracilis
herbivorous,Early Jurassic 213-200 million years ago,Lesotho,1.0m,,Dinosauria Ornithischia,Galton (1978),diagnosticus
herbivorous,Early Cretaceous 127-121 million years ago,China,ceratopsian,,Dinosauria Ornithischia Genasauria Cerapoda Marginocephalia Ceratopsia Neoceratopsia,Xu Makovicky Wang Norell and You (2002),yanzigouensis
herbivorous,Early Cretaceous 121-99 million years ago,Argentina,sauropod,24.0m,Dinosauria Saurischia Sauropodomorpha Sauropoda Eusauropoda Neosauropoda Macronaria Camarasauromorpha Titanosauriformes Titanosauria,Bonaparte GonzÃ¡lez Riga and ApesteguÃ­a (2006),leanzai
carnivorous,Late Triassic 205-202 million years ago,Germany,small theropod,5.0m,Dinosauria Saurischia Theropoda Neotheropoda,Huene (1934),liliensterni
herbivorous,Late Cretaceous 84-71 million years ago,USA,euornithopod,4.5m,Dinosauria Ornithischia Genasauria Cerapoda Ornithopoda Euornithopoda Iguanadontia Euiguanadontia Dryomorpha Ankylopollexia Iguanodontoidea Hadrosauridae Euhadrosauria Hadrosaurinae,Xu Makovicky Wang Norell and You (1960),atopus
carnivorous,Early Jurassic 203-196 million years ago,France,large theropod,6.2m,Dinosauria Saurischia,Ezcurra and Cuny 2007 (1993),airelensis
herbivorous,Early Jurassic 200-195 million years ago,China,sauropod,6.0m,Dinosauria Saurischia Sauropodomorpha Prosauropoda Plateosauria Plateosauridae,Young (1941),huenei
herbivorous,Early Cretaceous 121-112 million years ago,Niger,euornithopod,9.0m,Dinosauria Ornithischia Genasauria Cerapoda Ornithopoda Euornithopoda Iguanadontia Euiguanadontia Dryomorpha Ankylopollexia Iguanodontoidea,Taquet &amp; Russell (1999),arenatus
herbivorous,Late Triassic 205-195 million years ago,South Africa,euornithopod,1.2m,Dinosauria Ornithischia Genasauria Cerapoda Heterodontosauridae,Haughton (1924),angustidens
herbivorous,Late Cretaceous 71-65 million years ago,Romania,sauropod,5.0m,Dinosauria Saurischia Sauropodomorpha Sauropoda Eusauropoda Neosauropoda Macronaria Camarasauromorpha Titanosauriformes Titanosauria Lithostrotia,Nopcsa (1915),dacus
herbivorous,Late Cretaceous 80-75 million years ago,USA,euornithopod,9.0m,Dinosauria Ornithischia Genasauria Cerapoda Ornithopoda Euornithopoda Iguanadontia Euiguanadontia Dryomorpha Ankylopollexia Iguanodontoidea Hadrosauridae Euhadrosauria Hadrosaurinae,Horner and Makela (1979),peeblesorum
carnivorous,Late Cretaceous 84-71 million years ago,Madagascar,large theropod,6.0m,Dinosauria Saurischia Theropoda Neotheropoda Ceratosauria Neoceratosauria Abelisauridae,Sues &amp; Taquet (1979),atopus
herbivorous,Early Cretaceous 121-112 million years ago,Malawi,sauropod,9.0m,Dinosauria Saurischia Sauropodomorpha Sauropoda Eusauropoda Neosauropoda Macronaria Camarasauromorpha Titanosauriformes Titanosauria Lithostrotia,Haughton (1928),dixeyi
herbivorous,Late Jurassic 155-145 million years ago,China,sauropod,22.0m,Dinosauria Saurischia Sauropodomorpha Sauropoda Eusauropoda,Young (1954),constructus
carnivorous,Late Cretaceous 99-94 million years ago,Argentina,large theropod,13.0m,Dinosauria Saurischia Theropoda Neotheropoda Tetanurae Avetheropoda Carnosauria Allosauroidea Allosauridae Charcharodontosauridae Giganotosaurinae,Coria and Currie (2006),roseae
carnivorous,Late Jurassic 154-142 million years ago,USA,large theropod,6.0m,Dinosauria Saurischia Theropoda Neotheropoda Tetanurae Avetheropoda,Madsen (1976),bicentesimus
carnivorous,Late Cretaceous 84-71 million years ago,Madagascar,small theropod,2.0m,Dinosauria Saurischia Theropoda Neotheropoda Ceratosauria Neoceratosauria Abelisauroidea Abelisauria,Sampson Carrano &amp; Forster (2001),knopfleri
omnivorous,Early Jurassic 208-204 million years ago,Zimbabwe,sauropod,4.0m,Dinosauria Saurischia Sauropodomorpha Prosauropoda Plateosauria Plateosauridae,Owen (1854),carinatus
herbivorous,Late Cretaceous 80 million years ago,Brazil,sauropod,13.0m,Dinosauria Saurischia Sauropodomorpha Sauropoda Eusauropoda Neosauropoda Macronaria Camarasauromorpha Titanosauriformes Titanosauria Lithostrotia Saltasauridae Saltasaurinae,Kellner et al. (2006),topai
carnivorous,Mid Jurassic 170-155 million years ago,United Kingdom,large theropod,9.0m,Dinosauria Saurischia Theropoda Neotheropoda Tetanurae Spinosauroidea Megalosauridae Megalosaurinae,Ritgen (1826),bucklandii
omnivorous,Late Triassic 227-221 million years ago,South Africa,sauropod,12.0m,Dinosauria Saurischia Sauropodomorpha Prosauropoda Anchisauria Melanorosauridae,Haughton (1924),readi
carnivorous,Late Jurassic 159-154 million years ago,United Kingdom,large theropod,8.2m,Dinosauria Saurischia Theropoda Neotheropoda Tetanurae,Walker (1964),parkeri
herbivorous,Late Cretaceous 86-66 million years ago,Mongolia,ceratopsian,0.5m,Dinosauria Ornithischia Genasauria Cerapoda Marginocephalia Ceratopsia Neoceratopsia Coronosauria,Bohlin (1953),gobiensis
herbivorous,Late Cretaceous 84-71 million years ago,China,ceratopsian,0.6m,Dinosauria Ornithischia Genasauria Cerapoda Marginocephalia Pachycephalosauria,Dong (1978),hongtuyanensis
carnivorous,Early Cretaceous 125-122 million years ago,China,small theropod,0.8m,Dinosauria Saurischia Theropoda Neotheropoda Tetanurae Avetheropoda Coelurosauria Tyrannoraptora Maniraptoriformes Maniraptora Paraves Eumaniraptora Dromaeosauridae,Xu Zhou and Wang (2000),zhaoianus
herbivorous,Early Cretaceous 121-112 million years ago,Australia,armoured dinosaur,3.0m,Dinosauria Ornithischia Genasauria Thyreophora Ankylosauromorpha Ankylosauria,Molnar (1980),paravertebra
carnivorous,Mid Jurassic 180-159 million years ago,China,large theropod,5.7m,Dinosauria Saurischia Theropoda Neotheropoda Tetanurae Avetheropoda Carnosauria,Zhao and Currie (1993),jiangi
unknown,Late Cretaceous 81-68 million years ago,Mongolia,small theropod,1.0m,Dinosauria Saurischia Theropoda Neotheropoda Tetanurae Avetheropoda Coelurosauria Tyrannoraptora Maniraptoriformes Maniraptora Alvarezsauridae,Perle Norell Chiappe and Clark (1993),olecranus
herbivorous,Late Triassic 221-210 million years ago,Argentina,sauropod,3.0m,Dinosauria Saurischia Sauropodomorpha Prosauropoda Plateosauria Plateosauridae,Bonaparte and Vince (1979),patagonicus
herbivorous,Early Cretaceous 110-100 million years ago,Australia,euornithopod,7.0m,Dinosauria Ornithischia Genasauria Cerapoda Ornithopoda Euornithopoda Iguanadontia Euiguanadontia Dryomorpha Ankylopollexia Iguanodontoidea,Bartholomai and Molnar (1981),langdoni
omnivorous,Late Cretaceous 84-71 million years ago,China,large theropod,4.4m,Dinosauria Saurischia Theropoda Neotheropoda Tetanurae Avetheropoda Coelurosauria Tyrannoraptora Maniraptoriformes Maniraptora Therizinosauroidea Therizinosauridae,Dong (1979),brevispinus
herbivorous,Late Cretaceous 67-65 million years ago,USA,ceratopsian,7.0m,Dinosauria Ornithischia Genasauria Cerapoda Marginocephalia Ceratopsia Neoceratopsia Coronosauria Ceratopsidae Chasmosaurinae,Lull (1905),hatcheri
herbivorous,Late Cretaceous 72-68 million years ago,Mongolia,sauropod,13.0m,Dinosauria Saurischia Sauropodomorpha Sauropoda Eusauropoda Neosauropoda Diplodocoidea Nemegtosauridae,Nowinski (1971),mongoliensis
carnivorous,Early Cretaceous 127-121 million years ago,United Kingdom,large theropod,7.4m,Dinosauria Saurischia Theropoda Neotheropoda Tetanurae Avetheropoda Carnosauria Allosauroidea Carcharodontosauridae,Hutt Martill and Barker (1996),salerii
herbivorous,Late Cretaceous 71-65 million years ago,Argentina,sauropod,10.0m,Dinosauria Saurischia Sauropodomorpha Sauropoda Eusauropoda Neosauropoda Macronaria Camarasauromorpha Titanosauriformes Titanosauria Lithostrotia Saltasauridae,Lydekker (1893),australis
herbivorous,Early Cretaceous 121-99 million years ago,Tunisia,sauropod,15.0m,Dinosauria Saurischia Sauropodomorpha Sauropoda Eusauropoda Neosauropoda Diplodocoidea Rebbachisauridae,Sereno Beck Dutheil Larsson Lyon Moussa Sadleir Sidor Varricchio Wilson &amp; Wilson (1999),taqueti
herbivorous,Late Cretaceous 89-84 million years ago,Russia,euornithopod,,Dinosauria Ornithischia Genasauria Cerapoda Ornithopoda Euornithopoda Iguanadontia Euiguanadontia Dryomorpha Ankylopollexia Iguanodontoidea Hadrosauridae Euhadrosauria Lambeosaurinae,Nagao (1936),sachalinensis
carnivorous,Late Cretaceous 84-65 million years ago,Argentina,small theropod,1.0m,Dinosauria Saurischia Theropoda Neotheropoda Ceratosauria Neoceratosauria Abelisauroidea Abelisauria,Bonaparte and Powell (1980),leali
herbivorous,Early Cretaceous 110-100 million years ago,USA,armoured dinosaur,5.0m,Dinosauria Ornithischia Genasauria Thyreophora Ankylosauromorpha Ankylosauria Nodosauridae,Marsh (1889),textilis
omnivorous,Late Cretaceous 72-68 million years ago,Mongolia,small theropod,1.6m,Dinosauria Saurischia Theropoda Neotheropoda Tetanurae Avetheropoda Coelurosauria Tyrannoraptora Maniraptoriformes Maniraptora Oviraptorosauria Caenagnathoidea Caenagnathidae,Barsbold OsmÃ³lska Watabe Currie and Tsogtbaatar (2000),gobiensis
omnivorous,Late Cretaceous 94-89 million years ago,USA,large theropod,5.3m,Dinosauria Saurischia Theropoda Neotheropoda Tetanurae Avetheropoda Coelurosauria Tyrannoraptora Maniraptoriformes Maniraptora Therizinosauroidea Therizinosauridae,Kirkland and Wolfe (2001),mckinleyi
carnivorous,Mid Jurassic 159-132 million years ago,South Africa,small theropod,1.0m,Dinosauria Saurischia Theropoda Neotheropoda Tetanurae Avetheropoda Coelurosauria,de Klerk Forster Sampson Chinsamy and Ross (2000),thwazi
herbivorous,Mid Jurassic 169-159 million years ago,China,sauropod,20.0m,Dinosauria Saurischia Sauropodomorpha Sauropoda Eusauropoda,Young (1939),junghsiensis
herbivorous,Late Cretaceous 72-68 million years ago,Mongolia,sauropod,12.0m,Dinosauria Saurischia Sauropodomorpha Sauropoda Eusauropoda Neosauropoda Macronaria Camarasauromorpha Titanosauriformes Titanosauria Lithostrotia Saltasauridae,Borsuk-Bialynicka  (1977),skarzynskii 
carnivorous,Late Jurassic 150-144 million years ago,USA,small theropod,2.0m,Dinosauria Saurischia Theropoda Neotheropoda Tetanurae Avetheropoda Coelurosauria,Osbourne (1933),hermanni
omnivorous,Late Cretaceous 74-65 million years ago,USA,large theropod,4.0m,Dinosauria Saurischia Theropoda Neotheropoda Tetanurae Avetheropoda Coelurosauria Tyrannoraptora Maniraptoriformes Ornithomimosauria Ornithomimidae,Marsh (1890),velox
herbivorous,Late Cretaceous 74 million years ago,USA,euornithopod,2.0m,Dinosauria Ornithischia Genasauria Cerapoda Ornithopoda Euornithopoda,Horner and Weishampel (1988),makelai
herbivorous,Late Cretaceous 99-94 million years ago,USA,euornithopod,2.1m,Dinosauria Ornithischia,Varricchio Marin and Katsura (2007),cubicularis
herbivorous,Late Jurassic 154-142 million years ago,USA,euornithopod,1.4m,Dinosauria Ornithischia Genasauria Cerapoda Ornithopoda Euornithopoda,Marsh (1877),rex
herbivorous,Early Cretaceous 115-100 million years ago,Niger,euornithopod,7.0m,Dinosauria Ornithischia Genasauria Cerapoda Ornithopoda Euornithopoda Iguanadontia Euiguanadontia Dryomorpha Ankylopollexia Iguanodontoidea,Taquet (1976),nigeriensis
omnivorous,Late Cretaceous 85-75 million years ago,Mongolia,small theropod,2.0m,Dinosauria Saurischia Theropoda Neotheropoda Tetanurae Avetheropoda Coelurosauria Tyrannoraptora Maniraptoriformes Maniraptora Oviraptorosauria Caenagnathoidea Oviraptoridae Oviraptorinae,Osborn (1924),philoceratops
herbivorous,Late Cretaceous 76-65 million years ago,USA,euornithopod,8.0m,Dinosauria Ornithischia Genasauria Cerapoda Marginocephalia Pachycephalosauria Goyocephala Homalocephaloidea Pachycephalosauridae,Brown and Schlaikjer (1943),wyomingensis
herbivorous,Late Cretaceous 76-74 million years ago,Canada,ceratopsian,6.0m,Dinosauria Ornithischia Genasauria Cerapoda Marginocephalia Ceratopsia Neoceratopsia Coronosauria Ceratopsidae Centrosaurinae,Sternberg (1950),canadensis
herbivorous,Late Cretaceous 79-75 million years ago,USA,armoured dinosaur,7.0m,Dinosauria Ornithischia Genasauria Thyreophora Ankylosauromorpha Ankylosauria Nodosauridae,Lambe (1919),mirus
herbivorous,Early Jurassic,Wales,euornithopod,3.0m,Dinosauria Saurischia,Galton Yates and Kermack 2007 (2003),caducus
herbivorous,Late Cretaceous 99-94 million years ago,Egypt,sauropod,28.0m,Dinosauria Saurischia Sauropodomorpha Sauropoda Eusauropoda Neosauropoda Macronaria Camarasauromorpha Titanosauriformes Titanosauria Lithostrotia,Smith Lamanna Lacovara Dodson Smith Poole Giegengack and Attia (2001),stromeri
herbivorous,Late Cretaceous 76-74 million years ago,USA,euornithopod,11.0m,Dinosauria Ornithischia Genasauria Cerapoda Ornithopoda Euornithopoda Iguanadontia Euiguanadontia Dryomorpha Ankylopollexia Iguanodontoidea Hadrosauridae Euhadrosauria Lambeosaurinae,Parks (1922),walkeri
herbivorous,Late Cretaceous 76-74 million years ago,Canada,euornithopod,3.0m,Dinosauria Ornithischia Genasauria Cerapoda Ornithopoda Euornithopoda,Sternberg (1937),warrenae
herbivorous,Mid Jurassic 164-159 million years ago,Argentina,sauropod,18.0m,Dinosauria Saurischia Sauropodomorpha Sauropoda Eusauropoda Cetiosauridae,Bonaparte (1979),fariasi
carnivorous,Early Cretaceous 127-121 million years ago,Spain,small theropod,2.0m,Dinosauria Saurischia Theropoda Neotheropoda Tetanurae Avetheropoda Coelurosauria Tyrannoraptora Maniraptoriformes Ornithomimosauria,PÃ©rez-Moreno Sanz Buscalioni Moratalla Ortega and Rasskin-Gutman (1994),polyodon
herbivorous,Early Cretaceous 125 million years ago,United Kingdom,sauropod,25.0m,Dinosauria Saurischia Sauropodomorpha Sauropoda Eusauropoda Neosauropoda Macronaria Camarasauromorpha Titanosauriformes,Mantell (1850),conybearei
herbivorous,Late Cretaceous 76-74 million years ago,USA,ceratopsian,6.8m,Dinosauria Ornithischia Genasauria Cerapoda Marginocephalia Ceratopsia Neoceratopsia Coronosauria Ceratopsidae Chasmosaurinae,Osborn (1923),sternbergi
carnivorous,Late Jurassic 164-159 million years ago,Argentina,large theropod,4.2m,Dinosauria Saurischia Theropoda Neotheropoda Tetanurae Spinosauroidea Megalosauridae Eustreptospondylinae,Bonaparte (1979),floresi
herbivorous,Late Cretaceous 81-75 million years ago,Mongolia,armoured dinosaur,5.0m,Dinosauria Ornithischia Genasauria Thyreophora Ankylosauromorpha Ankylosauria Ankylosauridae,Gilmore (1933),grangeri
herbivorous,Late Triassic 210 million years ago,Switzerland,sauropod,7.0m,Dinosauria Saurischia Sauropodomorpha Prosauropoda Plateosauria Plateosauridae,Meyer (1837),engelhardti
carnivorous,Mid Jurassic 195-180 million years ago,USA,small theropod,0.9m,Dinosauria Saurischia Theropoda Neotheropoda Coelophysoidea,Talbot (1911),holyokensis
carnivorous,Mid Jurassic 169-164 million years ago,France,large theropod,9.0m,Dinosauria Saurischia Theropoda Neotheropoda Tetanurae Spinosauroidea Megalosauridae Megalosaurinae,Eudes-Deslongchamps (1838),bucklandii
herbivorous,Early Cretaceous 125 million years ago,United Kingdom,armoured dinosaur,5.0m,Dinosauria Ornithischia Genasauria Thyreophora Ankylosauromorpha Ankylosauria,Hulke (1881),foxii
herbivorous,Late Cretaceous 80-65 million years ago,Mongolia,euornithopod,2.4m,Dinosauria Ornithischia Genasauria Cerapoda Marginocephalia Pachycephalosauria Goyocephala Homalocephaloidea Pachycephalosauridae,MaryaÅ„ska and OsmÃ³lska (1974),prenes
herbivorous,Early Cretaceous 121-99 million years ago,China,euornithopod,6.0m,Dinosauria Ornithischia Genasauria Cerapoda Ornithopoda Euornithopoda Iguanadontia Euiguanadontia Dryomorpha Ankylopollexia Iguanodontoidea,Rozhdestvensky (1966),gobiensis
carnivorous,Mid Jurassic 169-164 million years ago,United Kingdom,small theropod,4.1m,Dinosauria Saurischia Theropoda Neotheropoda Tetanurae Avetheropoda Coelurosauria,Woodward (1910),bradleyi
carnivorous,Late Triassic 221-210 million years ago,Germany,small theropod,1.0m,Dinosauria Saurischia Theropoda Neotheropoda Coelophysoidea,Fraas (1913),triassicus
herbivorous,Late Cretaceous 77-75 million years ago,USA,euornithopod,7.6m,Dinosauria Ornithischia Genasauria Cerapoda Ornithopoda Euornithopoda Iguanadontia Euiguanadontia Dryomorpha Ankylopollexia Iguanodontoidea Hadrosauridae Euhadrosauria Hadrosaurinae,Brown (1916),maximus
carnivorous,Early Cretaceous 122-120 million years ago,China,small theropod,2.0m,Dinosauria Saurischia Theropoda Neotheropoda Tetanurae Avetheropoda Coelurosauria Tyrannoraptora Maniraptoriformes Maniraptora Paraves Eumaniraptora,Ji and Ji (1997),robusta
herbivorous,Late Cretaceous 74-70 million years ago,Mongolia,ceratopsian,1.8m,Dinosauria Ornithischia Genasauria Cerapoda Marginocephalia Ceratopsia Neoceratopsia Coronosauria,Granger and Gregory (1923),andrewsi
herbivorous,Late Cretaceous 99-94 million years ago,USA,euornithopod,6.0m,Dinosauria Ornithischia Genasauria Cerapoda Ornithopoda Euornithopoda Iguanadontia Euiguanadontia Dryomorpha Ankylopollexia Iguanodontoidea,Head (1998),byrdi
herbivorous,Early Cretaceous 120-100 million years ago,Russia,ceratopsian,2.0m,Dinosauria Ornithischia Genasauria Cerapoda Marginocephalia Ceratopsia Psittacosauridae,Osborn (1923),mongoliensis
herbivorous,Late Cretaceous 86-84 million years ago,Mongolia,sauropod,23.0m,Dinosauria Saurischia Sauropodomorpha Sauropoda Eusauropoda Neosauropoda Diplodocoidea Nemegtosauridae,Kurzanov and Bannikov (1983),orientalis
herbivorous,Early Cretaceous 112-99 million years ago,Morocco,sauropod,20.0m,Dinosauria Saurischia Sauropodomorpha Sauropoda Eusauropoda Neosauropoda Diplodocoidea Rebbachisauridae,Lavocat (1954),garasbae
herbivorous,Late Cretaceous 76-70 million years ago,Spain,euornithopod,4.0m,Dinosauria Ornithischia Genasauria Cerapoda Ornithopoda Euornithopoda Iguanadontia Rhabdodontidae,Matherton (1869),priscus
herbivorous,Mid Jurassic 177-169 million years ago,Australia,sauropod,15.0m,Dinosauria Saurischia Sauropodomorpha Sauropoda,Longman (1926),brownei
omnivorous,Late Cretaceous 72-68 million years ago,Mongolia,small theropod,2.5m,Dinosauria Saurischia Theropoda Neotheropoda Tetanurae Avetheropoda Coelurosauria Tyrannoraptora Maniraptoriformes Maniraptora Oviraptorosauria Caenagnathoidea Oviraptoridae Oviraptorinae,Barsbold (1986),mongoliensis
herbivorous/omnivorous,Late Triassic 221-210 million years ago,Argentina,sauropod,5.15m,Dinosauria Saurischia Sauropodomorpha Prosauropoda Anchisauria Melanorosauridae,Bonaparte (1969),incertus
carnivorous,Late Cretaceous 95 million years ago,Niger,large theropod,7.0m,Dinosauria Saurischia Theropoda Neotheropoda Ceratosauria Neoceratosauria Abelisauridae,Sereno Wilson and Conrad (2004),primus
herbivorous,Late Cretaceous 80 million years ago,Mongolia,armoured dinosaur,6.6m,Dinosauria Ornithischia Genasauria Thyreophora Ankylosauromorpha Ankylosauria Ankylosauridae,MaryaÃ±ska (1977),chulsanensis
herbivorous,Late Cretaceous 70-65 million years ago,Argentina,sauropod,12.0m,Dinosauria Saurischia Sauropodomorpha Sauropoda Eusauropoda Neosauropoda Macronaria Camarasauromorpha Titanosauriformes Titanosauria Lithostrotia Saltasauridae,Bonaparte and Powell (1980),loricatus
carnivorous,Late Triassic 221-210 million years ago,United Kingdom,small theropod,,Dinosauria,Huene (1910),elginensis
carnivorous,Early Jurassic 202-195 million years ago,United Kingdom,small theropod,3.0m,Dinosauria Saurischia Theropoda Neotheropoda Ceratosauria,Andrews (1921),woodi
herbivorous,Late Cretaceous 74-70 million years ago,Mongolia,euornithopod,9.0m,Dinosauria Ornithischia Genasauria Cerapoda Ornithopoda Euornithopoda Iguanadontia Euiguanadontia Dryomorpha Ankylopollexia Iguanodontoidea Hadrosauridae Euhadrosauria Hadrosaurinae,Brown (1912),osborni
herbivorous,Early Cretaceous 121-94 million years ago,USA,armoured dinosaur,6.5m,Dinosauria Ornithischia Genasauria Thyreophora Ankylosauromorpha Ankylosauria Nodosauridae,Ostrom (1970),edwardsorum
carnivorous,Late Jurassic 154-142 million years ago,USA,large theropod,12.0m,Dinosauria Saurischia Theropoda Neotheropoda Tetanurae Avetheropoda Carnosauria Allosauroidea Allosauridae,Chure (1996),maximus
carnivorous,Late Cretaceous 85-80 million years ago,Mongolia,small theropod,3.0m,Dinosauria Saurischia Theropoda Neotheropoda Tetanurae Avetheropoda Coelurosauria Tyrannoraptora Maniraptoriformes Maniraptora Paraves Eumaniraptoria Troodontidae,Osborn (1924),mongoliensis
herbivorous,Early Jurassic 208-194 million years ago,United Kingdom,armoured dinosaur,4.0m,Dinosauria Ornithischia Genasauria Thyreophora Scelidosauridae,Owen (1868),harrisonii
herbivorous,Early Jurassic 205-202 million years ago,USA,armoured dinosaur,1.2m,Dinosauria Ornithischia Genasauria Thyreophora,Colbert (1981),lawleri
herbivorous,Late Cretaceous 71-65 million years ago,Argentina,euornithopod,3.0m,Dinosauria Ornithischia Genasauria Cerapoda Ornithopoda Euornithopoda Iguanadontia Euiguanadontia Dryomorpha Ankylopollexia Iguanodontoidea Hadrosauridae,Brett-Surman (1979),koerneri
carnivorous,Mid Jurassic 195-180 million years ago,USA,small theropod,1.5m,Dinosauria Saurischia Theropoda Neotheropoda Coelophysoidea Coelophysidae,Camp (1936),halli
carnivorous,Late Cretaceous 97-88 million years ago,Mongolia,large theropod,4.0m,Dinosauria Saurischia Theropoda Neotheropoda Tetanurae Avetheropoda Coelurosauria Tyrannoraptora Maniraptoriformes Maniraptora Therizinosauroidea Therizinosauridae,Perle (1979),galbinensis
herbivorous,Early Cretaceous 121-99 million years ago,Mongolia,armoured dinosaur,,Dinosauria Ornithischia Genasauria Thyreophora Ankylosauromorpha Ankylosauria Ankylosauridae,Tumanova (1983),scutatus
carnivorous,Early Cretaceous 126-142 million years ago,Mongolia,small theropod,0.45m,Dinosauria Saurischia,Turner Hwang and Norell (2007),ashile
herbivorous,Late Cretaceous 78-74 million years ago,China,euornithopod,15.0m,Dinosauria Ornithischia Genasauria Cerapoda Ornithopoda Euornithopoda Iguanadontia Euiguanadontia Dryomorpha Ankylopollexia Iguanodontoidea Hadrosauridae Euhadrosauria Hadrosaurinae,Hu (1973),giganteus
herbivorous,Mid Jurassic 170-160 million years ago,China,sauropod,10.0m,Dinosauria Saurischia Sauropodomorpha Sauropoda Eusauropoda,Dong Zhou and Zhang (1983),lii
omnivorous,Late Cretaceous 75-81 million years ago,Mongolia,small theropod,0.6m,Dinosauria Saurischia Theropoda Neotheropoda Tetanurae Avetheropoda Coelurosauria Tyrannoraptora Maniraptoriformes Maniraptora Alvarezsauridae,Chiappe Norell and Clark (1998),deserti
herbivorous,Early Cretaceous 121-112 million years ago,USA,armoured dinosaur,4.0m,Dinosauria Ornithischia Genasauria Thyreophora Ankylosauromorpha Ankylosauria Nodosauridae,Eaton (1960),condrayi
carnivorous,Early Cretaceous 125 million years ago,China,small theropod,2.37m,Dinosauria Saurischia,Ji Ji LÃ¼ and Yuan (2007),gigas
carnivorous,Early Cretaceous 122-120 million years ago,China,small theropod,2.0m,Dinosauria Saurischia Theropoda Neotheropoda Tetanurae Avetheropoda Coelurosauria Tyrannoraptora Maniraptoriformes Maniraptora Paraves Eumaniraptora Dromaeosauridae,Xu Wang and Wu (1999),millenii
carnivorous,Early Cretaceous 122-120 million years ago,China,small theropod,1.0m,Dinosauria Saurischia Theropoda Neotheropoda Tetanurae Avetheropoda Coelurosauria Compsognathidae,Ji and Ji (1996),prima
carnivorous,Early Cretaceous 127-121 million years ago,China,small theropod,1.0m,Dinosauria Saurischia Theropoda Neotheropoda Tetanurae Avetheropoda Coelurosauria Tyrannoraptora Maniraptoriformes Maniraptora Paraves Eumaniraptoria Troodontidae,Xu Norell Wang Makovicky and Wu (2002),changii
carnivorous,Mid Jurassic 169-142 million years ago,China,large theropod,7.6m,Dinosauria Saurischia Theropoda Neotheropoda Tetanurae Avetheropoda Carnosauria Allosauroidea Sinraptoridae,Gao (1992),hepingensis
herbivorous,Late Cretaceous 89-65 million years ago,China,sauropod,9.0m,Dinosauria Saurischia Sauropodomorpha Sauropoda Eusauropoda Neosauropoda Macronaria Camarasauromorpha Titanosauriformes Titanosauria,Xu Zhang Tan Zhao and Tan (2006),saihangaobiensis
carnivorous,Late Cretaceous 95-70 million years ago,Morocco,large theropod,18.0m,Dinosauria Saurischia Theropoda Neotheropoda Tetanurae Spinosauroidea Spinosauridae Spinosaurinae,Stromer (1915),aegyptiacus
carnivorous,Late Triassic 227-221 million years ago,Brazil,large theropod,2.0m,Dinosauria Saurischia Theropoda Herrerasauridae,Colbert (1970),pricei
herbivorous,Late Cretaceous 76-74 million years ago,USA,euornithopod,2.4m,Dinosauria Ornithischia Genasauria Cerapoda Marginocephalia Pachycephalosauria Goyocephala Homalocephaloidea Pachycephalosauridae,Lambe (1902),validum
herbivorous,Late Jurassic 155-145 million years ago,USA,armoured dinosaur,9.0m,Dinosauria Ornithischia Genasauria Thyreophora Stegosauria Stegosauridae Stegosaurinae,Marsh (1877),armatus
herbivorous,Early Cretaceous 127-121 million years ago,Germany,ceratopsian,1.5m,Dinosauria Ornithischia Genasauria Cerapoda Marginocephalia Pachycephalosauria,Meyer (1857),valdensis
omnivorous,Late Cretaceous 76-74 million years ago,Canada,small theropod,4.0m,Dinosauria Saurischia Theropoda Neotheropoda Tetanurae Avetheropoda Coelurosauria Tyrannoraptora Maniraptoriformes Ornithomimosauria Ornithomimidae,Osborn (1917),altus
herbivorous,Late Cretaceous 83-75 million years ago,Spain,armoured dinosaur,2.5m,Dinosauria Ornithischia Genasauria Thyreophora Ankylosauromorpha Ankylosauria Nodosauridae,Bunzel (1871),austriacus
herbivorous,Late Cretaceous 76-70 million years ago,USA,ceratopsian,5.5m,Dinosauria Ornithischia Genasauria Cerapoda Marginocephalia Ceratopsia Neoceratopsia Coronosauria Ceratopsidae Centrosaurinae,Lambe (1913),albertensis
carnivorous,Early Cretaceous 121-112 million years ago,Niger,large theropod,11.0m,Dinosauria Saurischia Theropoda Neotheropoda Tetanurae Spinosauroidea Spinosauridae Baryonychinae,Sereno Beck Dutheil Gado Larsson Lyon Marcot Rauhut Sadleir Sidor Varricchio Wilson and Wilson (1998),tenerensis
herbivorous,Early Cretaceous 154-142 million years ago,USA,sauropod,35.0m,Dinosauria Saurischia Sauropodomorpha Sauropoda Eusauropoda Neosauropoda Diplodocoidea Diplodocidae,Jansen (1985),vivianae
herbivorous,Late Cretaceous 99-89 million years ago,Mongolia,armoured dinosaur,6.0m,Dinosauria Ornithischia Genasauria Thyreophora Ankylosauromorpha Ankylosauria Ankylosauridae,Maleev (1952),plicatospineus
herbivorous,Late Cretaceous 89-65 million years ago,China,euornithopod,,Dinosauria Ornithischia Genasauria Cerapoda Ornithopoda Euornithopoda Iguanadontia Euiguanadontia Dryomorpha Ankylopollexia Iguanodontoidea Hadrosauridae,Wiman (1929),sinensis
carnivorous,Late Cretaceous 74-70 million years ago,Mongolia,large theropod,10.0m,Dinosauria Saurischia Theropoda Neotheropoda Tetanurae Avetheropoda Coelurosauria Tyrannoraptora Tyrannosauroidea Tyrannosauridae Tyrannosaurinae,Maleev (1955),bataar
herbivorous,Late Cretaceous 75-68 million years ago,Mongolia,armoured dinosaur,8.5m,Dinosauria Ornithischia Genasauria Thyreophora Ankylosauromorpha Ankylosauria Ankylosaurinae,Maleev (1956),gigantea
herbivorous,Late Cretaceous 84-65 million years ago,Spain,euornithopod,5.0m,Dinosauria Ornithischia Genasauria Cerapoda Ornithopoda Euornithopoda Iguanadontia Euiguanadontia Dryomorpha Ankylopollexia Iguanodontoidea Hadrosauridae,Nopcsa (1900),transsylvanicus
herbivorous,Early Cretaceous 120-110 million years ago,USA,euornithopod,7.0m,Dinosauria Ornithischia Genasauria Cerapoda Ornithopoda Euornithopoda Iguanadontia,Ostrom (1970),tillettorum
omnivorous,Late Triassic 227-205 million years ago,United Kingdom,sauropod,2.5m,Dinosauria Saurischia Sauropodomorpha Prosauropoda,Morris (1843),antiquus
unknown,Late Cretaceous 85-70 million years ago,Mongolia,large theropod,,Dinosauria Saurischia Theropoda Neotheropoda Tetanurae Avetheropoda Coelurosauria Tyrannoraptora Maniraptoriformes Maniraptora Therizinosauroidea Therizinosauridae,Maleev (1915),cheloniformis
herbivorous,Late Cretaceous 76-67 million years ago,USA,euornithopod,3.5m,Dinosauria Ornithischia Genasauria Cerapoda Ornithopoda Euornithopoda,Gilmore (1913),neglectus
herbivorous,Late Cretaceous 70-65 million years ago,USA,ceratopsian,7.5m,Dinosauria Ornithischia Genasauria Cerapoda Marginocephalia Ceratopsia Neoceratopsia Coronosauria Ceratopsidae Chasmosaurinae,Marsh (1891),latus
carnivorous,Late Jurassic 155-144 million years ago,USA,large theropod,10.0m,Dinosauria Saurischia Theropoda Neotheropoda Tetanurae Spinosauroidea Megalosauridae Megalosaurinae,Galton and Jensen (1979),tanneri
herbivorous,Late Cretaceous 68-66 million years ago,USA,ceratopsian,9.0m,Dinosauria Ornithischia Genasauria Cerapoda Marginocephalia Ceratopsia Neoceratopsia Coronosauria Ceratopsidae Chasmosaurinae,Marsh (1889),horridus
carnivorous,Late Cretaceous 74-65 million years ago,USA,small theropod,2.0m,Dinosauria Saurischia Theropoda Neotheropoda Tetanurae Avetheropoda Coelurosauria Tyrannoraptora Maniraptoriformes Maniraptora Paraves Eumaniraptoria Troodontidae,Leidy (1856),formosus
herbivorous,Late Cretaceous 99-84 million years ago,Mongolia,armoured dinosaur,,Dinosauria Ornithischia Genasauria Thyreophora Ankylosauromorpha Ankylosauria Ankylosauridae,Tumanova (1993),longicranialis
herbivorous,Late Cretaceous 84-71 million years ago,China,euornithopod,12.0m,Dinosauria Ornithischia Genasauria Cerapoda Ornithopoda Euornithopoda Iguanadontia Euiguanadontia Dryomorpha Ankylopollexia Iguanodontoidea Hadrosauridae Euhadrosauria Lambeosaurinae,Young (1958),spinorhinus
herbivorous,Late Jurassic 157-154 million years ago,China,armoured dinosaur,7.0m,Dinosauria Ornithischia Genasauria Thyreophora Stegosauria Stegosauridae Stegosaurinae,Dong Li Zhou and Zhang (1973),multispinus
herbivorous,Late Cretaceous 75-72 million years ago,Mongolia,euornithopod,1.4m,Dinosauria Ornithischia Genasauria Cerapoda Marginocephalia Pachycephalosauria Goyocephala Homalocephaloidea Pachycephalosauridae,MaryaÅ„ska and OsmÃ³lska (1974),gilmorei
carnivorous,Late Cretaceous 68-66 million years ago,USA,large theropod,12.0m,Dinosauria Saurischia Theropoda Neotheropoda Tetanurae Avetheropoda Coelurosauria Tyrannoraptora Tyrannosauroidea Tyrannosauridae Tyrannosaurinae,Osborn (1905),rex
herbivorous,Late Cretaceous 81-75 million years ago,Mongolia,ceratopsian,,Dinosauria Ornithischia Genasauria Cerapoda Marginocephalia Ceratopsia Neoceratopsia,Kurzanov (1992),tschizhovi
carnivorous,Late Cretaceous 94-86 million years ago,Argentina,small theropod,2.4m,Dinosauria Saurischia Theropoda Neotheropoda Tetanurae Avetheropoda Coelurosauria Tyrannoraptora Maniraptoriformes Maniraptora Paraves Eumaniraptora Dromaeosauridae,Novas and Puerta (1997),comahuensis
carnivorous,Late Cretaceous 95 million years ago,Uzbekistan,small theropod,1.0m,Dinosauria Saurischia,Averianov and Sues (2007),itemirensis
carnivorous,Early Cretaceous 112-100 million years ago,USA,large theropod,6.0m,Dinosauria Saurischia Theropoda Neotheropoda Tetanurae Avetheropoda Coelurosauria Tyrannoraptora Maniraptoriformes Maniraptora Paraves Eumaniraptora Dromaeosauridae,Kirkland Gaston and Burge (1993),ostrommaysorum
herbivorous,Early Cretaceous 142-121 million years ago,United Kingdom,euornithopod,3.0m,Dinosauria Ornithischia Genasauria Cerapoda Ornithopoda Euornithopoda Iguanadontia Euiguanadontia Dryomorpha Dryosauridae,Galton (1975),canaliculatus
carnivorous,Late Cretaceous 74-70 million years ago,Mongolia,small theropod,1.8m,Dinosauria Saurischia Theropoda Neotheropoda Tetanurae Avetheropoda Coelurosauria Tyrannoraptora Maniraptoriformes Maniraptora Paraves Eumaniraptora Dromaeosauridae,Osborn (1924),mongoliensis
herbivorous,Early Jurassic 205-202 million years ago,Zimbabwe,sauropod,6.5m,Dinosauria Saurischia Sauropodomorpha Sauropoda Vulcanodontidae,Raath (1972),karibaensis
herbivorous,Mid Jurassic 169-159 million years ago,China,euornithopod,3.0m,Dinosauria Ornithischia Genasauria Cerapoda Ornithopoda Euornithopoda,He (1979),hongheensis
carnivorous,Late Jurassic 160-144 million years ago,China,large theropod,10.0m,Dinosauria Saurischia Theropoda Neotheropoda Tetanurae Avetheropoda Carnosauria Allosauroidea Sinraptoridae,Dong Chang Li and Zhou (1978),shangyouensis
herbivorous,Early Jurassic 195-190 million years ago,China,sauropod,9.0m,Dinosauria Saurischia Sauropodomorpha Prosauropoda,Bai Yang and Wang (1990),youngi
herbivorous,Late Jurassic 159-142 million years ago,China,armoured dinosaur,,Dinosauria Ornithischia Genasauria Thyreophora Stegosauria,Watanabe (1992),jichuanensis
herbivorous,Mid Jurassic 159-154 million years ago,China,ceratopsian,1.2m,Dinosauria Ornithischia Genasauria Cerapoda Marginocephalia Ceratopsia,Xu Forster Clark and Mo (2006),downsi
herbivorous,Mid Jurassic 180-159 million years ago,China,sauropod,17.0m,Dinosauria Saurischia Sauropodomorpha Sauropoda Eusauropoda,LÃ¼ Li Ji Wang Zhang and Dong (2006),jiangyiensis
omnivorous,Early Jurassic 205-190 million years ago,China,sauropod,7.0m,Dinosauria Saurischia Sauropodomorpha Prosauropoda Plateosauria,Young (1942),huangi
herbivorous,Late Cretaceous 69 million years ago,Romania,euornithopod,3.0m,Dinosauria Ornithischia Genasauria Cerapoda Ornithopoda Euornithopoda Iguanadontia Rhabdodontidae,Nopcsa (1902),robustus
herbivorous,Early Cretaceous 120-110 million years ago,USA,euornithopod,1.8m,Dinosauria Ornithischia Genasauria Cerapoda Ornithopoda Euornithopoda,Sues (1980),schaffi
herbivorous,Late Cretaceous 94-89 million years ago,USA,ceratopsian,,Dinosauria Ornithischia Genasauria Cerapoda Marginocephalia Ceratopsia Neoceratopsia Coronosauria,Wolfe and Kirkland (1998),christopheri
